{
  "project_info": {
    "project_number": "83574574899",
    "project_id": "loginapp-ffb71",
    "storage_bucket": "loginapp-ffb71.appspot.com"
  },
  "client": [
    {
      "client_info": {
        "mobilesdk_app_id": "1:83574574899:android:39c3fb4b4245b7ddd17846",
        "android_client_info": {
          "package_name": "com.example.loginapp"
        }
      },
      "oauth_client": [
        {
          "client_id": "83574574899-rro9okgotv6k0qa68cf5le5q56k8o2to.apps.googleusercontent.com",
          "client_type": 1,
          "android_info": {
            "package_name": "com.example.loginapp",
            "certificate_hash": "a35b5e3bc60294e34391aea183f69f4030eeb13a"
          }
        },
        {
          "client_id": "83574574899-c8mhttbieuqfrk9i7it99urass30e04n.apps.googleusercontent.com",
          "client_type": 3
        }
      ],
      "api_key": [
        {
          "current_key": "AIzaSyD_iW2qWAdFNhYM_JCDEm-kSGAw6T6ALc8"
        }
      ],
      "services": {
        "appinvite_service": {
          "other_platform_oauth_client": [
            {
              "client_id": "83574574899-c8mhttbieuqfrk9i7it99urass30e04n.apps.googleusercontent.com",
              "client_type": 3
            }
          ]
        }
      }
    }
  ],
  "configuration_version": "1"
}