{
  "project_info": {
    "project_number": "461267823061",
    "project_id": "loginpage-b9197",
    "storage_bucket": "loginpage-b9197.appspot.com"
  },
  "client": [
    {
      "client_info": {
        "mobilesdk_app_id": "1:461267823061:android:becce401769a32d7c0755c",
        "android_client_info": {
          "package_name": "com.android.application"
        }
      },
      "oauth_client": [
        {
          "client_id": "461267823061-f1u4klll9gl76gtm5kkld95ajt7piuoe.apps.googleusercontent.com",
          "client_type": 1,
          "android_info": {
            "package_name": "com.android.application",
            "certificate_hash": "a35b5e3bc60294e34391aea183f69f4030eeb13a"
          }
        },
        {
          "client_id": "461267823061-hm8q6id6ej4lfjrpb1jms66uq1cc7cvg.apps.googleusercontent.com",
          "client_type": 3
        }
      ],
      "api_key": [
        {
          "current_key": "AIzaSyC3QHbd7HxZEENOA5XZt9eShNLEvrQkIa0"
        }
      ],
      "services": {
        "appinvite_service": {
          "other_platform_oauth_client": [
            {
              "client_id": "461267823061-hm8q6id6ej4lfjrpb1jms66uq1cc7cvg.apps.googleusercontent.com",
              "client_type": 3
            }
          ]
        }
      }
    }
  ],
  "configuration_version": "1"
}